"desc","img"
" ","https://raw.githubusercontent.com/stevenrossi/fishpoasting/main/images/arcturusadventur00beeb_0010.jpeg"
" ","https://raw.githubusercontent.com/stevenrossi/fishpoasting/main/images/arcturusadventur00beeb_0037.jpeg"
" ","https://raw.githubusercontent.com/stevenrossi/fishpoasting/main/images/arcturusadventur00beeb_0038.jpeg"
" ","https://raw.githubusercontent.com/stevenrossi/fishpoasting/main/images/arcturusadventur00beeb_0047.jpeg"
" ","https://raw.githubusercontent.com/stevenrossi/fishpoasting/main/images/arcturusadventur00beeb_0048.jpeg"
" ","https://raw.githubusercontent.com/stevenrossi/fishpoasting/main/images/arcturusadventur00beeb_0057.jpeg"
" ","https://raw.githubusercontent.com/stevenrossi/fishpoasting/main/images/arcturusadventur00beeb_0058.jpeg"
" ","https://raw.githubusercontent.com/stevenrossi/fishpoasting/main/images/arcturusadventur00beeb_0067.jpeg"
" ","https://raw.githubusercontent.com/stevenrossi/fishpoasting/main/images/arcturusadventur00beeb_0068.jpeg"
"Scarlet-Tailed Triggerfish, Xanthichthys ringens","https://raw.githubusercontent.com/stevenrossi/fishpoasting/main/images/arcturusadventur00beeb_0079.jpeg"
" ","https://raw.githubusercontent.com/stevenrossi/fishpoasting/main/images/arcturusadventur00beeb_0093.jpeg"
" ","https://raw.githubusercontent.com/stevenrossi/fishpoasting/main/images/arcturusadventur00beeb_0094.jpeg"
" ","https://raw.githubusercontent.com/stevenrossi/fishpoasting/main/images/arcturusadventur00beeb_0105.jpeg"
" ","https://raw.githubusercontent.com/stevenrossi/fishpoasting/main/images/arcturusadventur00beeb_0106.jpeg"
"Butterflying Fish, Cypselurus furcatus","https://raw.githubusercontent.com/stevenrossi/fishpoasting/main/images/arcturusadventur00beeb_0119.jpeg"
" ","https://raw.githubusercontent.com/stevenrossi/fishpoasting/main/images/arcturusadventur00beeb_0131.jpeg"
" ","https://raw.githubusercontent.com/stevenrossi/fishpoasting/main/images/arcturusadventur00beeb_0132.jpeg"
" ","https://raw.githubusercontent.com/stevenrossi/fishpoasting/main/images/arcturusadventur00beeb_0143.jpeg"
" ","https://raw.githubusercontent.com/stevenrossi/fishpoasting/main/images/arcturusadventur00beeb_0144.jpeg"
" ","https://raw.githubusercontent.com/stevenrossi/fishpoasting/main/images/arcturusadventur00beeb_0166.jpeg"
" ","https://raw.githubusercontent.com/stevenrossi/fishpoasting/main/images/arcturusadventur00beeb_0192.jpeg"
" ","https://raw.githubusercontent.com/stevenrossi/fishpoasting/main/images/arcturusadventur00beeb_0207.jpeg"
" ","https://raw.githubusercontent.com/stevenrossi/fishpoasting/main/images/arcturusadventur00beeb_0208.jpeg"
"Young fish taken at the surface in mid-ocean
A. Giant Sun-fish, Mola mola
B. Soldier-fish, Holocentrus
C. Pomfret, Taractes","https://raw.githubusercontent.com/stevenrossi/fishpoasting/main/images/arcturusadventur00beeb_0231.jpeg"
" ","https://raw.githubusercontent.com/stevenrossi/fishpoasting/main/images/arcturusadventur00beeb_0253.jpeg"
" ","https://raw.githubusercontent.com/stevenrossi/fishpoasting/main/images/arcturusadventur00beeb_0254.jpeg"
"Parti-colored bumpheads, Bodianus eclancheri","https://raw.githubusercontent.com/stevenrossi/fishpoasting/main/images/arcturusadventur00beeb_0263.jpeg"
" ","https://raw.githubusercontent.com/stevenrossi/fishpoasting/main/images/arcturusadventur00beeb_0275.jpeg"
" ","https://raw.githubusercontent.com/stevenrossi/fishpoasting/main/images/arcturusadventur00beeb_0276.jpeg"
"Luminous surface fish in daylight and darkness. An Eater-of-stars (Astronesthes) in pursuit of two Lantern-fish (Myctophids)","https://raw.githubusercontent.com/stevenrossi/fishpoasting/main/images/arcturusadventur00beeb_0291.jpeg"
" ","https://raw.githubusercontent.com/stevenrossi/fishpoasting/main/images/arcturusadventur00beeb_0309.jpeg"
" ","https://raw.githubusercontent.com/stevenrossi/fishpoasting/main/images/arcturusadventur00beeb_0310.jpeg"
" ","https://raw.githubusercontent.com/stevenrossi/fishpoasting/main/images/arcturusadventur00beeb_0327.jpeg"
" ","https://raw.githubusercontent.com/stevenrossi/fishpoasting/main/images/arcturusadventur00beeb_0328.jpeg"
" ","https://raw.githubusercontent.com/stevenrossi/fishpoasting/main/images/arcturusadventur00beeb_0359.jpeg"
" ","https://raw.githubusercontent.com/stevenrossi/fishpoasting/main/images/arcturusadventur00beeb_0360.jpeg"
"Yellow-tailed surgeonfish, Xesurus laticlavius","https://raw.githubusercontent.com/stevenrossi/fishpoasting/main/images/arcturusadventur00beeb_0377.jpeg"
" ","https://raw.githubusercontent.com/stevenrossi/fishpoasting/main/images/arcturusadventur00beeb_0397.jpeg"
" ","https://raw.githubusercontent.com/stevenrossi/fishpoasting/main/images/arcturusadventur00beeb_0398.jpeg"
" ","https://raw.githubusercontent.com/stevenrossi/fishpoasting/main/images/arcturusadventur00beeb_0420.jpeg"
" ","https://raw.githubusercontent.com/stevenrossi/fishpoasting/main/images/arcturusadventur00beeb_0429.jpeg"
" ","https://raw.githubusercontent.com/stevenrossi/fishpoasting/main/images/arcturusadventur00beeb_0430.jpeg"
"A. Squid throwing out a defensive smoke screen of sepia ink
B. Deep sea prawn emitting a luminescent defensive cloud","https://raw.githubusercontent.com/stevenrossi/fishpoasting/main/images/arcturusadventur00beeb_0443.jpeg"
" ","https://raw.githubusercontent.com/stevenrossi/fishpoasting/main/images/arcturusadventur00beeb_0457.jpeg"
" ","https://raw.githubusercontent.com/stevenrossi/fishpoasting/main/images/arcturusadventur00beeb_0458.jpeg"
" ","https://raw.githubusercontent.com/stevenrossi/fishpoasting/main/images/arcturusadventur00beeb_0475.jpeg"
" ","https://raw.githubusercontent.com/stevenrossi/fishpoasting/main/images/arcturusadventur00beeb_0476.jpeg"
" ","https://raw.githubusercontent.com/stevenrossi/fishpoasting/main/images/arcturusadventur00beeb_0490.jpeg"
" ","https://raw.githubusercontent.com/stevenrossi/fishpoasting/main/images/arcturusadventur00beeb_0501.jpeg"
" ","https://raw.githubusercontent.com/stevenrossi/fishpoasting/main/images/arcturusadventur00beeb_0514.jpeg"
" ","https://raw.githubusercontent.com/stevenrossi/fishpoasting/main/images/arcturusadventur00beeb_0525.jpeg"
