"desc","source","img"
" ","Histoire Naturelle des Poissons (Natural History of Fish) by Bernard Germain de Lacépède (1798)","histoirenaturell11lac_0180.jpeg"
" ","Histoire Naturelle des Poissons (Natural History of Fish) by Bernard Germain de Lacépède (1798)","histoirenaturell11lac_0205.jpeg"
" ","Histoire Naturelle des Poissons (Natural History of Fish) by Bernard Germain de Lacépède (1798)","histoirenaturell11lac_0211.jpeg"
" ","Histoire Naturelle des Poissons (Natural History of Fish) by Bernard Germain de Lacépède (1798)","histoirenaturell11lac_0255.jpeg"
" ","Histoire Naturelle des Poissons (Natural History of Fish) by Bernard Germain de Lacépède (1798)","histoirenaturell11lac_0264.jpeg"
" ","Histoire Naturelle des Poissons (Natural History of Fish) by Bernard Germain de Lacépède (1798)","histoirenaturell11lac_0269.jpeg"
" ","Histoire Naturelle des Poissons (Natural History of Fish) by Bernard Germain de Lacépède (1798)","histoirenaturell11lac_0330.jpeg"
" ","Histoire Naturelle des Poissons (Natural History of Fish) by Bernard Germain de Lacépède (1798)","histoirenaturell11lac_0360.jpeg"
" ","Histoire Naturelle des Poissons (Natural History of Fish) by Bernard Germain de Lacépède (1798)","histoirenaturell11lac_0406.jpeg"
" ","Histoire Naturelle des Poissons (Natural History of Fish) by Bernard Germain de Lacépède (1798)","histoirenaturell11lac_0428.jpeg"
" ","Histoire Naturelle des Poissons (Natural History of Fish) by Bernard Germain de Lacépède (1798)","histoirenaturell11lac_0478.jpeg"
" ","Histoire Naturelle des Poissons (Natural History of Fish) by Bernard Germain de Lacépède (1798)","histoirenaturell11lac_0492.jpeg"
" ","Histoire Naturelle des Poissons (Natural History of Fish) by Bernard Germain de Lacépède (1798)","histoirenaturell11lac_0505.jpeg"
" ","Histoire Naturelle des Poissons (Natural History of Fish) by Bernard Germain de Lacépède (1798)","histoirenaturell11lac_0524.jpeg"
" ","Histoire Naturelle des Poissons (Natural History of Fish) by Bernard Germain de Lacépède (1798)","histoirenaturell11lac_0557.jpeg"
" ","Histoire Naturelle des Poissons (Natural History of Fish) by Bernard Germain de Lacépède (1798)","histoirenaturell11lac_0574.jpeg"
" ","Histoire Naturelle des Poissons (Natural History of Fish) by Bernard Germain de Lacépède (1798)","histoirenaturell11lac_0579.jpeg"
" ","Histoire Naturelle des Poissons (Natural History of Fish) by Bernard Germain de Lacépède (1798)","histoirenaturell11lac_0603.jpeg"
" ","Histoire Naturelle des Poissons (Natural History of Fish) by Bernard Germain de Lacépède (1798)","histoirenaturell11lac_0624.jpeg"
" ","Histoire Naturelle des Poissons (Natural History of Fish) by Bernard Germain de Lacépède (1798)","histoirenaturell11lac_0670.jpeg"
" ","Histoire Naturelle des Poissons (Natural History of Fish) by Bernard Germain de Lacépède (1798)","histoirenaturell11lac_0678.jpeg"
" ","Histoire Naturelle des Poissons (Natural History of Fish) by Bernard Germain de Lacépède (1798)","histoirenaturell11lac_0681.jpeg"
" ","Histoire Naturelle des Poissons (Natural History of Fish) by Bernard Germain de Lacépède (1798)","histoirenaturell11lac_0707.jpeg"
" ","Histoire Naturelle des Poissons (Natural History of Fish) by Bernard Germain de Lacépède (1798)","histoirenaturell11lac_0713.jpeg"
