img,source,desc
https://raw.githubusercontent.com/stevenrossi/fishpoasting/main/poissons/poissons1.png,Poissons d’eau douce du Canada (Freshwater Fish of Canada) by André-Napoléon Montpetit (1897),
https://raw.githubusercontent.com/stevenrossi/fishpoasting/main/poissons/poissons2.png,Poissons d’eau douce du Canada (Freshwater Fish of Canada) by André-Napoléon Montpetit (1897),
https://raw.githubusercontent.com/stevenrossi/fishpoasting/main/poissons/poissons3.png,Poissons d’eau douce du Canada (Freshwater Fish of Canada) by André-Napoléon Montpetit (1897),
https://raw.githubusercontent.com/stevenrossi/fishpoasting/main/poissons/poissons4.png,Poissons d’eau douce du Canada (Freshwater Fish of Canada) by André-Napoléon Montpetit (1897),
https://raw.githubusercontent.com/stevenrossi/fishpoasting/main/poissons/poissons5.png,Poissons d’eau douce du Canada (Freshwater Fish of Canada) by André-Napoléon Montpetit (1897),
https://raw.githubusercontent.com/stevenrossi/fishpoasting/main/poissons/poissons6.png,Poissons d’eau douce du Canada (Freshwater Fish of Canada) by André-Napoléon Montpetit (1897),
https://raw.githubusercontent.com/stevenrossi/fishpoasting/main/poissons/poissons7.png,Poissons d’eau douce du Canada (Freshwater Fish of Canada) by André-Napoléon Montpetit (1897),
https://raw.githubusercontent.com/stevenrossi/fishpoasting/main/poissons/poissons8.png,Poissons d’eau douce du Canada (Freshwater Fish of Canada) by André-Napoléon Montpetit (1897),
https://raw.githubusercontent.com/stevenrossi/fishpoasting/main/poissons/poissons9.png,Poissons d’eau douce du Canada (Freshwater Fish of Canada) by André-Napoléon Montpetit (1897),
https://raw.githubusercontent.com/stevenrossi/fishpoasting/main/poissons/poissons10.png,Poissons d’eau douce du Canada (Freshwater Fish of Canada) by André-Napoléon Montpetit (1897),
https://raw.githubusercontent.com/stevenrossi/fishpoasting/main/poissons/poissons11.png,Poissons d’eau douce du Canada (Freshwater Fish of Canada) by André-Napoléon Montpetit (1897),
https://raw.githubusercontent.com/stevenrossi/fishpoasting/main/poissons/poissons12.png,Poissons d’eau douce du Canada (Freshwater Fish of Canada) by André-Napoléon Montpetit (1897),
https://raw.githubusercontent.com/stevenrossi/fishpoasting/main/poissons/poissons13.png,Poissons d’eau douce du Canada (Freshwater Fish of Canada) by André-Napoléon Montpetit (1897),
https://raw.githubusercontent.com/stevenrossi/fishpoasting/main/poissons/poissons14.png,Poissons d’eau douce du Canada (Freshwater Fish of Canada) by André-Napoléon Montpetit (1897),
https://raw.githubusercontent.com/stevenrossi/fishpoasting/main/poissons/poissons15.png,Poissons d’eau douce du Canada (Freshwater Fish of Canada) by André-Napoléon Montpetit (1897),
https://raw.githubusercontent.com/stevenrossi/fishpoasting/main/poissons/poissons16.png,Poissons d’eau douce du Canada (Freshwater Fish of Canada) by André-Napoléon Montpetit (1897),
https://raw.githubusercontent.com/stevenrossi/fishpoasting/main/poissons/poissons17.png,Poissons d’eau douce du Canada (Freshwater Fish of Canada) by André-Napoléon Montpetit (1897),
https://raw.githubusercontent.com/stevenrossi/fishpoasting/main/poissons/poissons18.png,Poissons d’eau douce du Canada (Freshwater Fish of Canada) by André-Napoléon Montpetit (1897),
https://raw.githubusercontent.com/stevenrossi/fishpoasting/main/poissons/poissons19.png,Poissons d’eau douce du Canada (Freshwater Fish of Canada) by André-Napoléon Montpetit (1897),
https://raw.githubusercontent.com/stevenrossi/fishpoasting/main/poissons/poissons20.png,Poissons d’eau douce du Canada (Freshwater Fish of Canada) by André-Napoléon Montpetit (1897),
https://raw.githubusercontent.com/stevenrossi/fishpoasting/main/poissons/poissons21.png,Poissons d’eau douce du Canada (Freshwater Fish of Canada) by André-Napoléon Montpetit (1897),
https://raw.githubusercontent.com/stevenrossi/fishpoasting/main/poissons/poissons22.png,Poissons d’eau douce du Canada (Freshwater Fish of Canada) by André-Napoléon Montpetit (1897),
https://raw.githubusercontent.com/stevenrossi/fishpoasting/main/poissons/poissons23.png,Poissons d’eau douce du Canada (Freshwater Fish of Canada) by André-Napoléon Montpetit (1897),
https://raw.githubusercontent.com/stevenrossi/fishpoasting/main/poissons/poissons24.png,Poissons d’eau douce du Canada (Freshwater Fish of Canada) by André-Napoléon Montpetit (1897),
https://raw.githubusercontent.com/stevenrossi/fishpoasting/main/poissons/poissons25.png,Poissons d’eau douce du Canada (Freshwater Fish of Canada) by André-Napoléon Montpetit (1897),
https://raw.githubusercontent.com/stevenrossi/fishpoasting/main/poissons/poissons26.png,Poissons d’eau douce du Canada (Freshwater Fish of Canada) by André-Napoléon Montpetit (1897),
https://raw.githubusercontent.com/stevenrossi/fishpoasting/main/poissons/poissons27.png,Poissons d’eau douce du Canada (Freshwater Fish of Canada) by André-Napoléon Montpetit (1897),
https://raw.githubusercontent.com/stevenrossi/fishpoasting/main/poissons/poissons28.png,Poissons d’eau douce du Canada (Freshwater Fish of Canada) by André-Napoléon Montpetit (1897),
https://raw.githubusercontent.com/stevenrossi/fishpoasting/main/poissons/poissons29.png,Poissons d’eau douce du Canada (Freshwater Fish of Canada) by André-Napoléon Montpetit (1897),
https://raw.githubusercontent.com/stevenrossi/fishpoasting/main/poissons/poissons30.png,Poissons d’eau douce du Canada (Freshwater Fish of Canada) by André-Napoléon Montpetit (1897),
https://raw.githubusercontent.com/stevenrossi/fishpoasting/main/poissons/poissons31.png,Poissons d’eau douce du Canada (Freshwater Fish of Canada) by André-Napoléon Montpetit (1897),
https://raw.githubusercontent.com/stevenrossi/fishpoasting/main/poissons/poissons32.png,Poissons d’eau douce du Canada (Freshwater Fish of Canada) by André-Napoléon Montpetit (1897),
https://raw.githubusercontent.com/stevenrossi/fishpoasting/main/poissons/poissons33.png,Poissons d’eau douce du Canada (Freshwater Fish of Canada) by André-Napoléon Montpetit (1897),
https://raw.githubusercontent.com/stevenrossi/fishpoasting/main/poissons/poissons34.png,Poissons d’eau douce du Canada (Freshwater Fish of Canada) by André-Napoléon Montpetit (1897),
https://raw.githubusercontent.com/stevenrossi/fishpoasting/main/poissons/poissons35.png,Poissons d’eau douce du Canada (Freshwater Fish of Canada) by André-Napoléon Montpetit (1897),
https://raw.githubusercontent.com/stevenrossi/fishpoasting/main/poissons/poissons36.png,Poissons d’eau douce du Canada (Freshwater Fish of Canada) by André-Napoléon Montpetit (1897),
https://raw.githubusercontent.com/stevenrossi/fishpoasting/main/poissons/poissons37.png,Poissons d’eau douce du Canada (Freshwater Fish of Canada) by André-Napoléon Montpetit (1897),
https://raw.githubusercontent.com/stevenrossi/fishpoasting/main/poissons/poissons38.png,Poissons d’eau douce du Canada (Freshwater Fish of Canada) by André-Napoléon Montpetit (1897),
https://raw.githubusercontent.com/stevenrossi/fishpoasting/main/poissons/poissons39.png,Poissons d’eau douce du Canada (Freshwater Fish of Canada) by André-Napoléon Montpetit (1897),
https://raw.githubusercontent.com/stevenrossi/fishpoasting/main/poissons/poissons40.png,Poissons d’eau douce du Canada (Freshwater Fish of Canada) by André-Napoléon Montpetit (1897),
https://raw.githubusercontent.com/stevenrossi/fishpoasting/main/poissons/poissons41.png,Poissons d’eau douce du Canada (Freshwater Fish of Canada) by André-Napoléon Montpetit (1897),
https://raw.githubusercontent.com/stevenrossi/fishpoasting/main/poissons/poissons42.png,Poissons d’eau douce du Canada (Freshwater Fish of Canada) by André-Napoléon Montpetit (1897),
https://raw.githubusercontent.com/stevenrossi/fishpoasting/main/poissons/poissons43.png,Poissons d’eau douce du Canada (Freshwater Fish of Canada) by André-Napoléon Montpetit (1897),
https://raw.githubusercontent.com/stevenrossi/fishpoasting/main/poissons/poissons44.png,Poissons d’eau douce du Canada (Freshwater Fish of Canada) by André-Napoléon Montpetit (1897),
https://raw.githubusercontent.com/stevenrossi/fishpoasting/main/poissons/poissons45.png,Poissons d’eau douce du Canada (Freshwater Fish of Canada) by André-Napoléon Montpetit (1897),
https://raw.githubusercontent.com/stevenrossi/fishpoasting/main/poissons/poissons46.png,Poissons d’eau douce du Canada (Freshwater Fish of Canada) by André-Napoléon Montpetit (1897),
https://raw.githubusercontent.com/stevenrossi/fishpoasting/main/poissons/poissons47.png,Poissons d’eau douce du Canada (Freshwater Fish of Canada) by André-Napoléon Montpetit (1897),
https://raw.githubusercontent.com/stevenrossi/fishpoasting/main/poissons/poissons48.png,Poissons d’eau douce du Canada (Freshwater Fish of Canada) by André-Napoléon Montpetit (1897),
https://raw.githubusercontent.com/stevenrossi/fishpoasting/main/poissons/poissons49.png,Poissons d’eau douce du Canada (Freshwater Fish of Canada) by André-Napoléon Montpetit (1897),
https://raw.githubusercontent.com/stevenrossi/fishpoasting/main/poissons/poissons50.png,Poissons d’eau douce du Canada (Freshwater Fish of Canada) by André-Napoléon Montpetit (1897),
https://raw.githubusercontent.com/stevenrossi/fishpoasting/main/poissons/poissons51.png,Poissons d’eau douce du Canada (Freshwater Fish of Canada) by André-Napoléon Montpetit (1897),
https://raw.githubusercontent.com/stevenrossi/fishpoasting/main/poissons/poissons52.png,Poissons d’eau douce du Canada (Freshwater Fish of Canada) by André-Napoléon Montpetit (1897),
https://raw.githubusercontent.com/stevenrossi/fishpoasting/main/poissons/poissons53.png,Poissons d’eau douce du Canada (Freshwater Fish of Canada) by André-Napoléon Montpetit (1897),
https://raw.githubusercontent.com/stevenrossi/fishpoasting/main/poissons/poissons54.png,Poissons d’eau douce du Canada (Freshwater Fish of Canada) by André-Napoléon Montpetit (1897),
https://raw.githubusercontent.com/stevenrossi/fishpoasting/main/poissons/poissons55.png,Poissons d’eau douce du Canada (Freshwater Fish of Canada) by André-Napoléon Montpetit (1897),
https://raw.githubusercontent.com/stevenrossi/fishpoasting/main/poissons/poissons56.png,Poissons d’eau douce du Canada (Freshwater Fish of Canada) by André-Napoléon Montpetit (1897),
https://raw.githubusercontent.com/stevenrossi/fishpoasting/main/poissons/poissons57.png,Poissons d’eau douce du Canada (Freshwater Fish of Canada) by André-Napoléon Montpetit (1897),
https://raw.githubusercontent.com/stevenrossi/fishpoasting/main/poissons/poissons58.png,Poissons d’eau douce du Canada (Freshwater Fish of Canada) by André-Napoléon Montpetit (1897),
https://raw.githubusercontent.com/stevenrossi/fishpoasting/main/poissons/poissons59.png,Poissons d’eau douce du Canada (Freshwater Fish of Canada) by André-Napoléon Montpetit (1897),
https://raw.githubusercontent.com/stevenrossi/fishpoasting/main/poissons/poissons60.png,Poissons d’eau douce du Canada (Freshwater Fish of Canada) by André-Napoléon Montpetit (1897),
https://raw.githubusercontent.com/stevenrossi/fishpoasting/main/poissons/poissons61.png,Poissons d’eau douce du Canada (Freshwater Fish of Canada) by André-Napoléon Montpetit (1897),
https://raw.githubusercontent.com/stevenrossi/fishpoasting/main/poissons/poissons62.png,Poissons d’eau douce du Canada (Freshwater Fish of Canada) by André-Napoléon Montpetit (1897),
https://raw.githubusercontent.com/stevenrossi/fishpoasting/main/poissons/poissons63.png,Poissons d’eau douce du Canada (Freshwater Fish of Canada) by André-Napoléon Montpetit (1897),
https://raw.githubusercontent.com/stevenrossi/fishpoasting/main/poissons/poissons64.png,Poissons d’eau douce du Canada (Freshwater Fish of Canada) by André-Napoléon Montpetit (1897),
https://raw.githubusercontent.com/stevenrossi/fishpoasting/main/poissons/poissons65.png,Poissons d’eau douce du Canada (Freshwater Fish of Canada) by André-Napoléon Montpetit (1897),
https://raw.githubusercontent.com/stevenrossi/fishpoasting/main/poissons/poissons66.png,Poissons d’eau douce du Canada (Freshwater Fish of Canada) by André-Napoléon Montpetit (1897),
https://raw.githubusercontent.com/stevenrossi/fishpoasting/main/poissons/poissons67.png,Poissons d’eau douce du Canada (Freshwater Fish of Canada) by André-Napoléon Montpetit (1897),
https://raw.githubusercontent.com/stevenrossi/fishpoasting/main/poissons/poissons68.png,Poissons d’eau douce du Canada (Freshwater Fish of Canada) by André-Napoléon Montpetit (1897),
https://raw.githubusercontent.com/stevenrossi/fishpoasting/main/poissons/poissons69.png,Poissons d’eau douce du Canada (Freshwater Fish of Canada) by André-Napoléon Montpetit (1897),
https://raw.githubusercontent.com/stevenrossi/fishpoasting/main/poissons/poissons70.png,Poissons d’eau douce du Canada (Freshwater Fish of Canada) by André-Napoléon Montpetit (1897),
https://raw.githubusercontent.com/stevenrossi/fishpoasting/main/poissons/poissons71.png,Poissons d’eau douce du Canada (Freshwater Fish of Canada) by André-Napoléon Montpetit (1897),
https://raw.githubusercontent.com/stevenrossi/fishpoasting/main/poissons/poissons72.png,Poissons d’eau douce du Canada (Freshwater Fish of Canada) by André-Napoléon Montpetit (1897),
https://raw.githubusercontent.com/stevenrossi/fishpoasting/main/poissons/poissons73.png,Poissons d’eau douce du Canada (Freshwater Fish of Canada) by André-Napoléon Montpetit (1897),
https://raw.githubusercontent.com/stevenrossi/fishpoasting/main/poissons/poissons74.png,Poissons d’eau douce du Canada (Freshwater Fish of Canada) by André-Napoléon Montpetit (1897),
https://raw.githubusercontent.com/stevenrossi/fishpoasting/main/poissons/poissons75.png,Poissons d’eau douce du Canada (Freshwater Fish of Canada) by André-Napoléon Montpetit (1897),
https://raw.githubusercontent.com/stevenrossi/fishpoasting/main/poissons/poissons76.png,Poissons d’eau douce du Canada (Freshwater Fish of Canada) by André-Napoléon Montpetit (1897),
https://raw.githubusercontent.com/stevenrossi/fishpoasting/main/poissons/poissons77.png,Poissons d’eau douce du Canada (Freshwater Fish of Canada) by André-Napoléon Montpetit (1897),
https://raw.githubusercontent.com/stevenrossi/fishpoasting/main/poissons/poissons78.png,Poissons d’eau douce du Canada (Freshwater Fish of Canada) by André-Napoléon Montpetit (1897),
https://raw.githubusercontent.com/stevenrossi/fishpoasting/main/poissons/poissons79.png,Poissons d’eau douce du Canada (Freshwater Fish of Canada) by André-Napoléon Montpetit (1897),
https://raw.githubusercontent.com/stevenrossi/fishpoasting/main/poissons/poissons80.png,Poissons d’eau douce du Canada (Freshwater Fish of Canada) by André-Napoléon Montpetit (1897),
https://raw.githubusercontent.com/stevenrossi/fishpoasting/main/poissons/poissons81.png,Poissons d’eau douce du Canada (Freshwater Fish of Canada) by André-Napoléon Montpetit (1897),
https://raw.githubusercontent.com/stevenrossi/fishpoasting/main/poissons/poissons82.png,Poissons d’eau douce du Canada (Freshwater Fish of Canada) by André-Napoléon Montpetit (1897),